step,run_0
2048,-0.0028720891452394424
4096,-0.004296186007559299
6144,-0.001439403896802105
8192,-0.0018346898490563036
10240,-0.003180451045045629
12288,-0.0032072722737211735
14336,-0.0031747103261295707
16384,-0.003208639277727343
18432,-0.003964763259864413
