step,run_0
2048,566.579599738121
4096,909.4867848396301
6144,409.6304888010025
8192,445.7145136117935
10240,431.10646815299987
12288,208.01356214284897
14336,94.5086692839861
16384,170.04591377973557
18432,55.92411680072546
