step,run_0
2048,-2.8340698435902594
4096,-2.82922452762723
6144,-2.833203446865082
8192,-2.8350988633930685
10240,-2.8325898081064222
12288,-2.8309563398361206
14336,-2.8231791511178015
16384,-2.8187855154275896
18432,-2.8059893041849135
