step,run_0
2048,0.0014213973336154595
4096,0.002363530045840889
6144,0.00039576835988555106
8192,0.0003328065853565931
10240,0.0014474492578301578
12288,0.0031982461077859625
14336,0.0033021879295120015
16384,0.001492031739326194
18432,0.004184404265834019
