step,run_0
2048,-0.0032386324426624926
4096,-0.005145190848270431
6144,-0.0019205078424420208
8192,-0.005207685829373076
10240,-0.00420933123677969
12288,-0.0011922255827812478
14336,-0.0014712104224599899
16384,-0.0050502779835369434
18432,-0.005857175536220893
