step,run_0
2048,808.9355731010437
4096,585.4621792316436
6144,394.891482591629
8192,377.5720648765564
10240,181.5132717192173
12288,183.7229464650154
14336,182.34905164837838
16384,173.3300267368555
18432,97.23075141906739
