step,run_0
2048,-2.8363502584397793
4096,-2.837402956187725
6144,-2.84439877346158
8192,-2.8507075019180776
10240,-2.8451359279453756
12288,-2.834766910970211
14336,-2.8303455866873266
16384,-2.8304744444787504
18432,-2.8286857210099696
