step,run_0
2048,0.0027710060821846128
4096,0.001837400725344196
6144,0.0020208746049320326
8192,0.0027538760856259613
10240,0.0016362128080800176
12288,0.0007775754493195564
14336,0.00042785199475474655
16384,0.004569380742032081
18432,0.005569874355569482
