step,run_0
2048,-0.004498014150885865
4096,-0.0008613550147856585
6144,-0.003036168435937725
8192,-0.004122201516292989
10240,-0.0029531274281907826
12288,-0.0023639361781533806
14336,-0.00480849007726647
16384,-0.00166759385028854
18432,-0.008704386782483198
