step,run_0
2048,669.6234178543091
4096,631.4660411834717
6144,416.8045686483383
8192,555.3943943977356
10240,334.12668387889863
12288,189.14321222901344
14336,104.26310940682887
16384,209.17135848104954
18432,59.9331005603075
