step,run_0
2048,-2.8319301888346673
4096,-2.8207646794617176
6144,-2.8152095161378385
8192,-2.8159604966640472
10240,-2.820311418920755
12288,-2.815185698121786
14336,-2.8078831255435945
16384,-2.7999478079378606
18432,-2.7928384698927404
