step,run_0
2048,0.003039997792802751
4096,0.00017308395763393492
6144,0.0017080665798857807
8192,0.0021217698202235626
10240,0.00061749386950396
12288,0.0029931072262115777
14336,0.006093353839241899
16384,0.0010457898839376866
18432,0.005998230967088602
